<?xml version="1.0" encoding="UTF-8"?>
<project-private xmlns="http://www.netbeans.org/ns/project-private/1">
    <editor-bookmarks xmlns="http://www.netbeans.org/ns/editor-bookmarks/2" lastBookmarkId="0"/>
    <open-files xmlns="http://www.netbeans.org/ns/projectui-open-files/2">
        <group>
            <file>file:/E:/testGame/tdTest/src/tdtest/Room.java</file>
            <file>file:/E:/testGame/tdTest/src/tdtest/Block.java</file>
            <file>file:/E:/testGame/tdTest/src/tdtest/Frame.java</file>
            <file>file:/E:/testGame/tdTest/src/tdtest/Screen.java</file>
            <file>file:/E:/testGame/tdTest/src/tdtest/Save.java</file>
            <file>file:/E:/testGame/tdTest/src/save/level1.tyler</file>
            <file>file:/E:/testGame/tdTest/src/tdtest/Value.java</file>
        </group>
    </open-files>
</project-private>
